{"seas":[{"position":[31.520000,4.889999],"shape":{"rotation":0,"model":[[-32.000000,0.098872],[-28.799999,0.314711],[-25.600000,0.863951],[-22.400000,2.045527],[-19.200001,4.176960],[-16.000000,7.356269],[-12.800000,11.173974],[-9.600000,14.640447],[-6.400000,16.552849],[-3.200000,16.175659],[0.000000,13.269579],[3.200000,9.937380],[6.400000,7.642286],[9.600000,6.559808],[12.800000,7.591742],[16.000000,10.336256],[19.200001,13.672149],[22.400000,16.137171],[25.600000,16.572338],[32.000000,11.268933]],"isChain":true},"type":2},{"position":[64.000000,15.000000],"shape":{"rotation":0,"model":[[115.199997,0.000000],[115.711998,0.000000],[116.223999,0.000000],[116.736000,0.000000],[117.248001,0.000000],[117.760002,0.000000],[118.272003,0.000000],[118.784004,0.000000],[119.296005,0.000000],[119.808006,0.000000],[120.320007,0.000000],[120.832008,0.000000],[121.344009,0.000000],[121.856010,0.000000],[122.368011,0.000000],[122.880013,0.000000],[123.392014,0.000000],[123.904015,0.000000],[124.416016,0.000000],[124.928017,0.000000],[125.440018,0.000000],[125.952019,0.000000],[126.464020,0.000000],[126.976021,0.000000],[127.488022,0.000000],[128.000015,0.000000],[128.512009,0.000000],[129.024002,0.000000],[129.535995,0.000000],[130.047989,0.000000],[130.559982,0.000000],[131.071976,0.000000],[131.583969,0.000000],[132.095963,0.000000],[132.607956,0.000000],[133.119949,0.000000],[133.631943,0.000000],[134.143936,0.000000],[134.655930,0.000000],[135.167923,0.000000],[135.679916,0.000000],[136.191910,0.000000],[136.703903,0.000000],[137.215897,0.000000],[137.727890,0.000000],[138.239883,0.000000],[138.751877,0.000000],[139.263870,0.000000],[139.775864,0.000000],[140.800003,0.000000]],"isChain":true},"type":2}],"platforms":[{"position":[93.959999,31.080000],"shape":{"rotation":0,"model":[[-23.260000,5.080000],[21.820000,5.080000],[21.820000,-6.360000],[-23.260000,-6.360000]],"isChain":false},"type":4},{"position":[8.399998,24.480001],"shape":{"rotation":0,"model":[[-3.000000,24.000000],[3.000000,24.000000],[3.000000,-24.000000],[-3.000000,-24.000000]],"isChain":false},"type":4}],"ship":{"position":[44.288025,38.799999],"shape":{"rotation":0,"model":[[-3.459995,1.660000],[3.780002,1.660000],[3.780002,-2.299999],[-3.459995,-2.299999]],"isChain":false},"type":16},"rock_spawn":[10.000000,54.000000],"win":{"position":[93.960007,37.659996],"shape":{"rotation":0,"model":[[-7.500000,2.500000],[7.500000,2.500000],[7.500000,-2.500000],[-7.500000,-2.500000]],"isChain":false},"type":32,"time":0.25}}