{"seas":[{"position":[32.000000,6.650000],"shape":{"rotation":0,"model":[[-32.000000,0.000000],[-28.799999,0.000000],[-25.600000,0.000000],[-22.400000,0.000000],[-19.200001,0.000000],[-16.000000,0.000000],[-12.800000,0.000000],[-9.600000,0.000000],[-6.400000,0.000000],[-3.200000,0.000000],[0.000000,0.000000],[3.200000,0.000000],[6.400000,0.000000],[9.600000,0.000000],[12.800000,0.000000],[16.000000,0.000000],[19.200001,0.000000],[22.400000,0.000000],[25.600000,0.000000],[32.000000,-0.000000]],"isChain":true},"type":2},{"position":[64.000000,15.000000],"shape":{"rotation":0,"model":[[-32.000000,0.000000],[-28.799999,0.000000],[-25.600000,0.000000],[-22.400000,0.000000],[-19.200001,0.000000],[-16.000000,0.000000],[-12.800000,0.000000],[-9.600000,0.000000],[-6.400000,0.000000],[-3.200000,0.000000],[0.000000,0.000000],[3.200000,0.000000],[6.400000,0.000000],[9.600000,0.000000],[12.800000,0.000000],[16.000000,0.000000],[19.200001,0.000000],[22.400000,0.000000],[25.600000,0.000000],[32.000000,-0.000000]],"isChain":true},"type":2}],"platforms":[{"position":[93.959999,31.080000],"shape":{"rotation":0,"model":[[-23.260000,5.080000],[21.820000,5.080000],[21.820000,-6.360000],[-23.260000,-6.360000]],"isChain":false},"type":4},{"position":[10.000000,24.000000],"shape":{"rotation":0,"model":[[-3.000000,24.000000],[3.000000,24.000000],[3.000000,-24.000000],[-3.000000,-24.000000]],"isChain":false},"type":4}],"ship":{"position":[53.066696,14.840003],"shape":{"rotation":0,"model":[[-2.500000,1.500000],[2.500000,1.500000],[2.500000,-1.500000],[-2.500000,-1.500000]],"isChain":false},"type":16},"rock_spawn":[10.000000,54.000000],"win":{"position":[93.000000,37.500000],"shape":{"rotation":0,"model":[[-7.500000,2.500000],[7.500000,2.500000],[7.500000,-2.500000],[-7.500000,-2.500000]],"isChain":false},"type":32,"time":0.25}}