{"seas":[{"position":[90.72,56.41],"shape":{"rotation":0,"model":[[-37.76,6.49],[20.96,6.49],[20.96,0.0699959],[-37.76,0.0699959]]},"type":2},{"position":[52.96,9.08],"shape":{"rotation":0,"model":[[-32,6.65],[32,6.65],[32,0.71],[-32,0.71]]},"type":2}],"platforms":[{"position":[91.08,23.08],"shape":{"rotation":0,"model":[[-23.26,5.08],[21.82,5.08],[21.82,-6.36],[-23.26,-6.36]]},"type":4},{"position":[10,24],"shape":{"rotation":0,"model":[[-3,24],[3,24],[3,-24],[-3,-24]]},"type":4}],"ship":{"position":[39.147,42.68],"shape":{"rotation":0,"model":[[-2.82,1.34],[3.3,1.34],[3.3,-2.94],[-2.82,-2.94]]},"type":16},"rock_spawn":[10,54],"win":{"position":[84.52,25.02],"shape":{"rotation":0,"model":[[-8.14,11.46],[20.14,11.46],[20.14,2.46],[-8.14,2.46]]},"type":32,"time":0.25}}